{
  "products": [
    {
      "createdAt": "2023-02-22T05:58:04.646Z",
      "name": "Intelligent Cotton Table",
      "price": "110",
      "description": "The Nagasaki Lander is the trademarked name of several series of Nagasaki sport bikes, that started with the 1984 ABC800J",
      "id": "11"
    },
    {
      "createdAt": "2023-03-08T14:05:47.569Z",
      "name": "Sản phẩm vừa cập nhật updated",
      "price": "139.00",
      "description": "Carbonite web goalkeeper gloves are ergonomically designed to give easy fit",
      "id": "12"
    },
    {
      "createdAt": "2023-02-22T07:20:09.844Z",
      "name": "Trần Minh Hiếu",
      "price": "336.00",
      "description": "heheheê",
      "id": "13"
    },
    {
      "createdAt": "2023-02-22T07:20:09.844Z",
      "name": "Trần Minh Hiếu",
      "price": "336.00",
      "description": "heheheê",
      "id": "14"
    },
    {
      "createdAt": "2023-02-22T07:20:09.844Z",
      "name": "Trần Minh Hiếu",
      "price": "336.00",
      "description": "heheheê",
      "id": "15"
    },
    {
      "createdAt": "2023-03-09T06:11:02.743Z",
      "name": "Luxurious Cotton Pants",
      "price": "896.00",
      "description": "The Apollotech B340 is an affordable wireless mouse with reliable connectivity, 12 months battery life and modern design",
      "id": "18"
    },
    {
      "createdAt": "2023-03-08T13:31:48.074Z",
      "name": "Unbranded Bronze Tuna",
      "price": "882.00",
      "description": "Ergonomic executive chair upholstered in bonded black leather and PVC padded seat and back for all-day comfort and support",
      "id": "19"
    },
    {
      "createdAt": "2023-03-09T06:08:34.719Z",
      "name": "Recycled Plastic Car",
      "price": "702.00",
      "description": "Carbonite web goalkeeper gloves are ergonomically designed to give easy fit",
      "id": "24"
    },
    {
      "createdAt": "2023-03-08T16:12:11.676Z",
      "name": "Small Bronze Table",
      "price": "708.00",
      "description": "The automobile layout consists of a front-engine design, with transaxle-type transmissions mounted at the rear of the engine and four wheel drive",
      "id": "25"
    },
    {
      "createdAt": "2023-02-22T07:20:09.844Z",
      "name": "Lê Thành Thông",
      "price": "336.00",
      "description": "heheheê",
      "id": "26"
    },
    {
      "createdAt": "2023-02-22T07:20:09.844Z",
      "name": "Lê Thành Sơn",
      "price": "336.00",
      "description": "heheheê",
      "id": "27"
    },
    {
      "createdAt": "2023-02-22T05:08:24.443Z",
      "name": "nGUYEN HONG THONG",
      "price": "526.00",
      "description": "Ergonomic executive chair upholstered in bonded black leather and PVC padded seat and back for all-day comfortandsupport",
      "id": "28"
    },
    {
      "createdAt": "2023-02-22T07:20:09.844Z",
      "name": "Lê Thành Song",
      "price": "336.00",
      "description": "heheheê",
      "id": "29"
    },
    {
      "createdAt": "2023-03-08T17:52:15.605Z",
      "name": "Electronic Cotton Salad",
      "price": "331.00",
      "description": "The Apollotech B340 is an affordable wireless mouse with reliable connectivity, 12 months battery life and modern design",
      "id": "31"
    },
    {
      "createdAt": "2023-03-09T01:50:34.146Z",
      "name": "Rustic Bronze Sausages",
      "price": "652.00",
      "description": "The slim & simple Maple Gaming Keyboard from Dev Byte comes with a sleek body and 7- Color RGB LED Back-lighting for smart functionality",
      "id": "32"
    },
    {
      "createdAt": "2023-03-09T01:59:51.304Z",
      "name": "Awesome Fresh Keyboard",
      "price": "19.00",
      "description": "Andy shoes are designed to keeping in mind durability as well as trends, the most stylish range of shoes & sandals",
      "id": "33"
    },
    {
      "createdAt": "2023-03-09T07:19:25.228Z",
      "name": "Small Fresh Shoes",
      "price": "21.00",
      "description": "The Apollotech B340 is an affordable wireless mouse with reliable connectivity, 12 months battery life and modern design",
      "id": "34"
    },
    {
      "name": "Product mới 3",
      "price": "200",
      "id": "aqSFRtE"
    }
  ]
}